antecedents,consequents,support,confidence,lift,leverage,conviction
"frozenset({'beer', 'soda'})",frozenset({'diapers'}),0.2,0.9000000000000001,2.5312500000000004,0.12098765432098767,6.444444444444453
frozenset({'diapers'}),"frozenset({'beer', 'soda'})",0.2,0.5625,2.53125,0.12098765432098767,1.777777777777778
frozenset({'beer'}),"frozenset({'diapers', 'coffee'})",0.2222222222222222,0.5882352941176471,2.4064171122994655,0.12987654320987652,1.834920634920635
"frozenset({'diapers', 'coffee'})",frozenset({'beer'}),0.2222222222222222,0.9090909090909091,2.406417112299465,0.12987654320987652,6.844444444444442
"frozenset({'diapers', 'tea'})",frozenset({'beer'}),0.2,0.9000000000000001,2.382352941176471,0.1160493827160494,6.22222222222223
