antecedents,consequents,support,confidence,lift
diapers,beer,0.225,0.8181818181818181,2.727272727272727
beer,diapers,0.225,0.75,2.727272727272727
"bread,tea",milk,0.2,0.7272727272727273,1.7112299465240643
"onions,tea",coffee,0.2,1.0,1.6666666666666667
diapers,soda,0.225,0.8181818181818181,1.6363636363636362
