antecedents,consequents,support,confidence,lift
diapers,beer,0.24444444444444444,0.8461538461538463,2.5384615384615388
beer,diapers,0.24444444444444444,0.7333333333333334,2.5384615384615388
milk,"bread,coffee",0.2,0.5,1.7307692307692308
"bread,coffee",milk,0.2,0.6923076923076924,1.7307692307692308
bread,milk,0.35555555555555557,0.6666666666666667,1.6666666666666667
