model,accuracy,precision,recall,f1
DecisionTree,0.9666666666666667,0.9722222222222222,0.9444444444444445,0.9552042160737813
KNN(k=5),1.0,1.0,1.0,1.0
