{
  "data_option": "iris",
  "k_primary": 3,
  "ari_k3": 0.7008666982225341,
  "silhouette_k3": 0.48292893354301647,
  "experiment_results": [
    {
      "k": 2,
      "ARI": 0.5681159420289855,
      "Silhouette": 0.6300471284354711,
      "Inertia": 12.127790750538196
    },
    {
      "k": 3,
      "ARI": 0.7008666982225341,
      "Silhouette": 0.48292893354301647,
      "Inertia": 7.122750172943849
    },
    {
      "k": 4,
      "ARI": 0.6206329421473108,
      "Silhouette": 0.4439328545809961,
      "Inertia": 5.525760232040966
    }
  ]
}